{
    "predict_bleu-4": 78.33015083000394,
    "predict_rouge-1": 94.9637049631422,
    "predict_rouge-2": 30.7326543244612,
    "predict_rouge-l": 94.9637049631422,
    "predict_runtime": 18074.5771,
    "predict_samples_per_second": 0.983,
    "predict_steps_per_second": 0.492
}